{
  "test_years": [
    2018,
    2019,
    2020,
    2021,
    2022,
    2023,
    2024,
    2025,
    2026
  ],
  "half_life_days": 180.0,
  "total_test_matches": 8265,
  "neutral_test_matches": 2660,
  "folds": [
    {
      "test_year": 2018,
      "train_matches": 2829,
      "test_matches": 895,
      "neutral_test_matches": 245,
      "fitted_params": {
        "intercept": 0.11480792473373332,
        "elo_scale": 0.0020289671408902678,
        "home_advantage_elo": 96.66494847608217,
        "rho": -0.10325063882286081
      },
      "mean_scores": {
        "uniform": {
          "log_loss": 1.0986122886681347,
          "brier": 0.6666666666666677,
          "rps": 0.2349472377405314
        },
        "current": {
          "log_loss": 0.9023609429969789,
          "brier": 0.5327335616980057,
          "rps": 0.17345577301787155
        },
        "fitted": {
          "log_loss": 0.8573809678608475,
          "brier": 0.5060835684039483,
          "rps": 0.16129081700055478
        }
      },
      "neutral_mean_scores": {
        "uniform": {
          "log_loss": 1.0986122886681078,
          "brier": 0.666666666666666,
          "rps": 0.23287981859410511
        },
        "current": {
          "log_loss": 0.8834315475603629,
          "brier": 0.5228932563420171,
          "rps": 0.16550343317192542
        },
        "fitted": {
          "log_loss": 0.8643892036200318,
          "brier": 0.5157402284621485,
          "rps": 0.1621838008080314
        }
      }
    },
    {
      "test_year": 2019,
      "train_matches": 3724,
      "test_matches": 1151,
      "neutral_test_matches": 353,
      "fitted_params": {
        "intercept": 0.07655270209555426,
        "elo_scale": 0.0021520627736449803,
        "home_advantage_elo": 104.35377163519401,
        "rho": -0.09333056692211965
      },
      "mean_scores": {
        "uniform": {
          "log_loss": 1.0986122886681413,
          "brier": 0.6666666666666591,
          "rps": 0.24230138044212424
        },
        "current": {
          "log_loss": 0.8056111798212608,
          "brier": 0.4669964990094554,
          "rps": 0.1542259079723281
        },
        "fitted": {
          "log_loss": 0.7623887448033608,
          "brier": 0.4436091602690203,
          "rps": 0.14349092866806895
        }
      },
      "neutral_mean_scores": {
        "uniform": {
          "log_loss": 1.0986122886681076,
          "brier": 0.6666666666666633,
          "rps": 0.23575700346238562
        },
        "current": {
          "log_loss": 0.9035421998672475,
          "brier": 0.5318945223380837,
          "rps": 0.17509914280333874
        },
        "fitted": {
          "log_loss": 0.8918610713311597,
          "brier": 0.5250460714170974,
          "rps": 0.17242426076070852
        }
      }
    },
    {
      "test_year": 2020,
      "train_matches": 4875,
      "test_matches": 366,
      "neutral_test_matches": 50,
      "fitted_params": {
        "intercept": 0.08882969340736556,
        "elo_scale": 0.0021691318930572856,
        "home_advantage_elo": 87.14925981971481,
        "rho": -0.022682480183322452
      },
      "mean_scores": {
        "uniform": {
          "log_loss": 1.0986122886681076,
          "brier": 0.6666666666666631,
          "rps": 0.23451730418943506
        },
        "current": {
          "log_loss": 0.9057996612707523,
          "brier": 0.5350331124220667,
          "rps": 0.17316146306007385
        },
        "fitted": {
          "log_loss": 0.8880460395185107,
          "brier": 0.5245472137423897,
          "rps": 0.1687037965936433
        }
      },
      "neutral_mean_scores": {
        "uniform": {
          "log_loss": 1.0986122886681091,
          "brier": 0.666666666666667,
          "rps": 0.24111111111111122
        },
        "current": {
          "log_loss": 0.9038213868459777,
          "brier": 0.5293136355860008,
          "rps": 0.1820028424646411
        },
        "fitted": {
          "log_loss": 0.8910762716994022,
          "brier": 0.5204344668752423,
          "rps": 0.1785644247095937
        }
      }
    },
    {
      "test_year": 2021,
      "train_matches": 5241,
      "test_matches": 1131,
      "neutral_test_matches": 372,
      "fitted_params": {
        "intercept": 0.09894524890544283,
        "elo_scale": 0.002086079271632328,
        "home_advantage_elo": 71.854097236582,
        "rho": -0.07719874643271779
      },
      "mean_scores": {
        "uniform": {
          "log_loss": 1.0986122886681409,
          "brier": 0.6666666666666596,
          "rps": 0.24034777483053016
        },
        "current": {
          "log_loss": 0.7771281328670586,
          "brier": 0.4494107978358997,
          "rps": 0.14187993077918162
        },
        "fitted": {
          "log_loss": 0.7303453228987331,
          "brier": 0.4226998299669378,
          "rps": 0.12981376058981092
        }
      },
      "neutral_mean_scores": {
        "uniform": {
          "log_loss": 1.0986122886681076,
          "brier": 0.666666666666663,
          "rps": 0.2396953405017915
        },
        "current": {
          "log_loss": 0.7752914985633477,
          "brier": 0.44538900996736913,
          "rps": 0.1396289557189527
        },
        "fitted": {
          "log_loss": 0.7424352387197773,
          "brier": 0.4277416309134095,
          "rps": 0.13198354285045627
        }
      }
    },
    {
      "test_year": 2022,
      "train_matches": 6372,
      "test_matches": 985,
      "neutral_test_matches": 381,
      "fitted_params": {
        "intercept": 0.08186883125481959,
        "elo_scale": 0.002241281090538066,
        "home_advantage_elo": 74.43744515107814,
        "rho": -0.09478096119163382
      },
      "mean_scores": {
        "uniform": {
          "log_loss": 1.0986122886681373,
          "brier": 0.6666666666666642,
          "rps": 0.23953750705019464
        },
        "current": {
          "log_loss": 0.8761344289777128,
          "brier": 0.5133523843352195,
          "rps": 0.1706774554386513
        },
        "fitted": {
          "log_loss": 0.833657111049536,
          "brier": 0.488081624725104,
          "rps": 0.15921570644885422
        }
      },
      "neutral_mean_scores": {
        "uniform": {
          "log_loss": 1.0986122886681076,
          "brier": 0.6666666666666629,
          "rps": 0.23665791776027933
        },
        "current": {
          "log_loss": 0.8657594659735913,
          "brier": 0.5056354267716627,
          "rps": 0.16380135962473727
        },
        "fitted": {
          "log_loss": 0.8416080431008207,
          "brier": 0.49252926430948385,
          "rps": 0.15831754337007392
        }
      }
    },
    {
      "test_year": 2023,
      "train_matches": 7357,
      "test_matches": 1059,
      "neutral_test_matches": 301,
      "fitted_params": {
        "intercept": 0.09590587998895488,
        "elo_scale": 0.002136418937922069,
        "home_advantage_elo": 80.8624491992637,
        "rho": -0.01817599719515351
      },
      "mean_scores": {
        "uniform": {
          "log_loss": 1.0986122886681393,
          "brier": 0.6666666666666617,
          "rps": 0.2403210576015079
        },
        "current": {
          "log_loss": 0.8164324637949784,
          "brier": 0.4761251590147837,
          "rps": 0.15479442502291524
        },
        "fitted": {
          "log_loss": 0.78464414371364,
          "brier": 0.45951898347685194,
          "rps": 0.14722498614337617
        }
      },
      "neutral_mean_scores": {
        "uniform": {
          "log_loss": 1.0986122886681078,
          "brier": 0.6666666666666644,
          "rps": 0.23791066814322662
        },
        "current": {
          "log_loss": 0.8342171896940022,
          "brier": 0.4853941084027272,
          "rps": 0.15585628251257372
        },
        "fitted": {
          "log_loss": 0.810164720860691,
          "brier": 0.47283004252787125,